"","obs.dif","critical.dif","difference"
"6-7",195.387978142076,77.7478100179392,TRUE
"6-8",412.065573770492,77.7478100179392,TRUE
"6-9",554.426229508197,95.2212315813986,TRUE
"7-8",216.677595628415,54.9760036860882,TRUE
"7-9",359.03825136612,77.7478100179392,TRUE
"8-9",142.360655737705,77.7478100179392,TRUE
