"","obs.dif","critical.dif","difference"
"6-7",242.431693989071,77.7478100179392,TRUE
"6-8",536.53825136612,77.7478100179392,TRUE
"6-9",821.844262295082,95.2212315813986,TRUE
"7-8",294.106557377049,54.9760036860882,TRUE
"7-9",579.412568306011,77.7478100179392,TRUE
"8-9",285.306010928962,77.7478100179392,TRUE
