"","obs.dif","critical.dif","difference"
"6-7",191.571038251366,77.7478100179392,TRUE
"6-8",387.811475409836,77.7478100179392,TRUE
"6-9",606.901639344262,95.2212315813986,TRUE
"7-8",196.24043715847,54.9760036860882,TRUE
"7-9",415.330601092896,77.7478100179392,TRUE
"8-9",219.090163934426,77.7478100179392,TRUE
