"","obs.dif","critical.dif"
"6-7","\textbf{139.94262295082}","\textbf{77.7478100179392}"
"6-8","\textbf{257.642076502732}","\textbf{77.7478100179392}"
"6-9","\textbf{324.55737704918}","\textbf{95.2212315813986}"
"7-8","\textbf{117.699453551913}","\textbf{54.9760036860882}"
"7-9","\textbf{184.614754098361}","\textbf{77.7478100179392}"
"8-9","66.9153005464481","77.7478100179392"
