"","obs.dif","critical.dif"
"6-7","\textbf{139.546448087432}","\textbf{77.7478100179392}"
"6-8","\textbf{265.180327868852}","\textbf{77.7478100179392}"
"6-9","\textbf{397.098360655738}","\textbf{95.2212315813986}"
"7-8","\textbf{125.633879781421}","\textbf{54.9760036860882}"
"7-9","\textbf{257.551912568306}","\textbf{77.7478100179392}"
"8-9","\textbf{131.918032786885}","\textbf{77.7478100179392}"
