"","obs.dif","critical.dif"
"6-7",NA,NA
"6-8",NA,NA
"6-9",NA,NA
"7-8","9","48.1075199854463"
"7-9","66.1612021857923","68.0343072155529"
"8-9","57.1612021857923","68.0343072155529"
