"","obs.dif","critical.dif"
"6-7","\textbf{281.426229508197}","\textbf{77.7478100179392}"
"6-8","\textbf{512.647540983607}","\textbf{77.7478100179392}"
"6-9","\textbf{775.090163934426}","\textbf{95.2212315813986}"
"7-8","\textbf{231.22131147541}","\textbf{54.9760036860882}"
"7-9","\textbf{493.66393442623}","\textbf{77.7478100179392}"
"8-9","\textbf{262.44262295082}","\textbf{77.7478100179392}"
